,Ridge (L2),Lasso (L1),"Lasso (L1, 1-SE)",Selected by Lasso 1-SE
log_total_ads,1.9597327895077294,1.9582410230281284,1.7822524590319955,True
total_ads,-0.27071886790598443,-0.2708516597378498,-0.20494969357421747,True
most_ads_hour_02,-0.1263247719239459,-0.1214674353396822,-0.057547752253086434,True
most_ads_day_Monday,0.10142241242429449,0.11629452977527618,0.09500473960477089,True
most_ads_hour_16,0.08703794068828763,0.07289773321505012,0.057811487774156976,True
is_ad,0.0815104807137835,0.07811639743656684,0.04519258803755512,True
most_ads_day_Tuesday,0.07924250072102387,0.0917067934324365,0.06820120532186297,True
most_ads_hour_01,-0.07538464268097317,-0.07440799858574124,-0.030664877453822233,True
most_ads_day_Saturday,-0.0749082172438279,-0.05686527873466612,-0.03377401534072174,True
most_ads_day_Friday,-0.06930012327936855,-0.05040292913987665,-0.02816136170231017,True
most_ads_hour_07,-0.06085632683689211,-0.06240015087743311,-0.028543969642485303,True
most_ads_hour_09,-0.054869417331566694,-0.06241233291334651,-0.024419538876087683,True
most_ads_hour_03,-0.05203766523244386,-0.0495769676306324,-0.007925205709016385,True
most_ads_hour_15,0.046883309105354085,0.031724353563997026,0.01741577063330105,True
most_ads_hour_14,0.04263871861088523,0.027287039437932818,0.012527567448496682,True
most_ads_hour_10,-0.0403526284957417,-0.049294486137924205,-0.014496039810363879,True
most_ads_hour_06,-0.039569346194085434,-0.03955409711792552,-0.0144263437887778,True
most_ads_hour_17,0.03862207073293958,0.024761644835873575,0.008620125926939093,True
most_ads_hour_12,-0.03504451378393086,-0.04523914936500489,-0.011302896574308312,True
most_ads_hour_11,-0.03406309922826188,-0.043935891499019164,-0.009420525096473164,True
most_ads_hour_22,0.032784493158306664,0.02001925300254154,0.0,False
most_ads_hour_08,-0.03033739848957449,-0.03523294114255749,-0.001547132174818769,True
most_ads_day_Thursday,-0.028723781173307768,-0.01029026261726211,0.0,False
most_ads_hour_04,-0.028222300608088637,-0.025822598408236405,0.0,False
most_ads_hour_20,0.026444735581979274,0.013304021517701636,0.0,False
most_ads_hour_05,-0.02547967905134474,-0.02429787310694798,-0.002526650411905571,True
most_ads_hour_00,-0.024839949746082318,-0.02581074883100097,0.0,False
most_ads_hour_21,0.02388168114920798,0.010354546780163025,0.0,False
most_ads_hour_23,0.02324136566287301,0.011402689341942033,0.0,False
most_ads_hour_18,0.01796846892066384,0.004384855579346657,0.0,False
most_ads_day_Sunday,-0.015335165439933015,0.0,0.0,False
most_ads_day_Wednesday,0.010829555760897306,0.023073623264931075,0.0,False
most_ads_hour_19,0.01047148575228372,0.0,0.0,False
most_ads_hour_13,-0.004633853521757913,-0.015133884647809556,0.0,False
