C,cv_auc_mean_L1,cv_auc_std_L1,train_auc_mean_L1,cv_logloss_mean_L1,cv_auc_mean_L2,cv_auc_std_L2,train_auc_mean_L2,cv_logloss_mean_L2
0.0001,0.8533942111998766,0.0036107661947074,0.8533919050237426,0.11046393180460726,0.8560724175295678,0.0031831822886613558,0.8564706978628976,0.10134142872295267
0.00031622776601683794,0.8533942111998766,0.0036107661947074,0.8533919050237426,0.0977548667433877,0.8562098388794881,0.0031526033313659415,0.8566623929729846,0.09738954323824417
0.001,0.8536553836650084,0.003585265074295122,0.8536526621143826,0.0957919056351526,0.856643333776011,0.0031943840882008106,0.8571148522726144,0.0949484686505052
0.0031622776601683794,0.8558899785779669,0.003399545406017217,0.8560834922741527,0.09433615112082218,0.8569297188352192,0.003205862513152087,0.8573859705194682,0.09410467124571523
0.01,0.8569500558002948,0.003296590248428135,0.8573228315891928,0.09393058094669852,0.8570219495260455,0.003210143328448329,0.8574624633348581,0.09390517424372649
0.03162277660168379,0.8570404826908844,0.0032501366517556233,0.8574569738960862,0.09387768918352747,0.8570247137475722,0.0032204012592939287,0.8574623079969221,0.09387726985124745
0.1,0.8570278206811567,0.003234792298515731,0.8574563985891412,0.09387396674827253,0.8570175930207625,0.003225843983234726,0.857455785893249,0.0938742279683623
0.31622776601683794,0.8570179219522857,0.0032285240633447773,0.8574514801579529,0.093873751908397,0.8570144013655444,0.0032264176953719255,0.8574529131878614,0.09387392926344895
1.0,0.8570137895068861,0.0032264001419335703,0.8574492651866189,0.0938737948707081,0.8570136640693462,0.0032265400404346794,0.8574514781819621,0.09387390606745688
3.1622776601683795,0.8570133228970885,0.00322586127594826,0.8574490686413473,0.09387380178911815,0.8570135218706015,0.003226753301275644,0.8574512736041748,0.09387390602892484
10.0,0.8570131777089195,0.00322506310088321,0.8574487139375678,0.09387383886237546,0.8570132299025257,0.0032270349065242777,0.8574511272719845,0.0938739067519538
